id,firstname,lastname,email
100,Ethel,Waite,Ethel.Waite@yopmail.com
101,Evita,Philoo,Evita.Philoo@yopmail.com
102,Marline,Posner,Marline.Posner@yopmail.com
103,Tierney,Merriott,Tierney.Merriott@yopmail.com
104,Merci,Zola,Merci.Zola@yopmail.com
105,Betta,Ralfston,Betta.Ralfston@yopmail.com
106,Beverley,Justinn,Beverley.Justinn@yopmail.com
107,Jeanna,Ovid,Jeanna.Ovid@yopmail.com
108,Wynne,Hieronymus,Wynne.Hieronymus@yopmail.com
109,Kirstin,Posner,Kirstin.Posner@yopmail.com
110,Tierney,Lowry,Tierney.Lowry@yopmail.com
111,Charmaine,Rustice,Charmaine.Rustice@yopmail.com
112,Celestyna,Muriel,Celestyna.Muriel@yopmail.com
113,Nicoli,Medrek,Nicoli.Medrek@yopmail.com
114,Neila,Ammann,Neila.Ammann@yopmail.com
115,Ardenia,Ferino,Ardenia.Ferino@yopmail.com
116,Elka,Clara,Elka.Clara@yopmail.com
117,Rori,Rolf,Rori.Rolf@yopmail.com
118,Randa,Lesley,Randa.Lesley@yopmail.com
119,Cathyleen,Ferino,Cathyleen.Ferino@yopmail.com
120,Letizia,Vastah,Letizia.Vastah@yopmail.com
121,Rosanne,Means,Rosanne.Means@yopmail.com
122,Chere,Drus,Chere.Drus@yopmail.com
123,Allis,Auberbach,Allis.Auberbach@yopmail.com
124,Allis,Bashemeth,Allis.Bashemeth@yopmail.com
125,Gwyneth,Bluh,Gwyneth.Bluh@yopmail.com
126,Kalina,Winthorpe,Kalina.Winthorpe@yopmail.com
127,Celestyna,Brenn,Celestyna.Brenn@yopmail.com
128,Collen,Suk,Collen.Suk@yopmail.com
129,Oralee,Allys,Oralee.Allys@yopmail.com
130,Lyssa,Erb,Lyssa.Erb@yopmail.com
131,Gerrie,Rosemary,Gerrie.Rosemary@yopmail.com
132,Lauryn,Herrera,Lauryn.Herrera@yopmail.com
133,Agnese,Poppy,Agnese.Poppy@yopmail.com
134,Linet,Margarete,Linet.Margarete@yopmail.com
135,Mathilda,Chaing,Mathilda.Chaing@yopmail.com
136,Paulita,Joni,Paulita.Joni@yopmail.com
137,Nickie,Whittaker,Nickie.Whittaker@yopmail.com
138,Betta,Lissi,Betta.Lissi@yopmail.com
139,Verla,Rogerio,Verla.Rogerio@yopmail.com
140,Cathie,Wind,Cathie.Wind@yopmail.com
141,Fawne,Ferino,Fawne.Ferino@yopmail.com
142,Lacie,Mott,Lacie.Mott@yopmail.com
143,Dawn,Engdahl,Dawn.Engdahl@yopmail.com
144,Ann-Marie,Glenden,Ann-Marie.Glenden@yopmail.com
145,Cathyleen,Odell,Cathyleen.Odell@yopmail.com
146,Cristabel,Henrie,Cristabel.Henrie@yopmail.com
147,Kara-Lynn,Terencio,Kara-Lynn.Terencio@yopmail.com
148,Ardys,Tillford,Ardys.Tillford@yopmail.com
149,Giustina,Seessel,Giustina.Seessel@yopmail.com
150,Mathilda,Agle,Mathilda.Agle@yopmail.com
151,Eadie,Philoo,Eadie.Philoo@yopmail.com
152,Valli,Fontana,Valli.Fontana@yopmail.com
153,Mathilda,Borrell,Mathilda.Borrell@yopmail.com
154,Benita,Magnolia,Benita.Magnolia@yopmail.com
155,Viki,Horan,Viki.Horan@yopmail.com
156,Mureil,Gaynor,Mureil.Gaynor@yopmail.com
157,Selma,Mott,Selma.Mott@yopmail.com
158,Estell,Friede,Estell.Friede@yopmail.com
159,Petronia,Raama,Petronia.Raama@yopmail.com
160,Rhea,Loleta,Rhea.Loleta@yopmail.com
161,Gusella,Concha,Gusella.Concha@yopmail.com
162,Wileen,Xerxes,Wileen.Xerxes@yopmail.com
163,Ericka,Pascia,Ericka.Pascia@yopmail.com
164,Renie,Brandice,Renie.Brandice@yopmail.com
165,Maye,Lubin,Maye.Lubin@yopmail.com
166,Hermione,Tyson,Hermione.Tyson@yopmail.com
167,Tamqrah,Zuzana,Tamqrah.Zuzana@yopmail.com
168,Feliza,Hurley,Feliza.Hurley@yopmail.com
169,Danny,Baudin,Danny.Baudin@yopmail.com
170,Lisette,Tybald,Lisette.Tybald@yopmail.com
171,Tami,Poppy,Tami.Poppy@yopmail.com
172,Brena,Raul,Brena.Raul@yopmail.com
173,Karena,Danby,Karena.Danby@yopmail.com
174,Kalina,Jobi,Kalina.Jobi@yopmail.com
175,Tobe,Sammons,Tobe.Sammons@yopmail.com
176,Alisha,Schlosser,Alisha.Schlosser@yopmail.com
177,Rosene,Obed,Rosene.Obed@yopmail.com
178,Goldie,Kaja,Goldie.Kaja@yopmail.com
179,Gwyneth,Fadiman,Gwyneth.Fadiman@yopmail.com
180,Kimmy,Wilona,Kimmy.Wilona@yopmail.com
181,Ezmeralda,Hashim,Ezmeralda.Hashim@yopmail.com
182,Ada,Yerkovich,Ada.Yerkovich@yopmail.com
183,Chastity,Cottle,Chastity.Cottle@yopmail.com
184,Sabina,Jary,Sabina.Jary@yopmail.com
185,Kimberley,Lattie,Kimberley.Lattie@yopmail.com
186,Sadie,Kenney,Sadie.Kenney@yopmail.com
187,Vevay,Norvol,Vevay.Norvol@yopmail.com
188,Corly,Carlson,Corly.Carlson@yopmail.com
189,Phylis,Naashom,Phylis.Naashom@yopmail.com
190,Audrie,Japeth,Audrie.Japeth@yopmail.com
191,Berta,Vins,Berta.Vins@yopmail.com
192,Cristine,Jerold,Cristine.Jerold@yopmail.com
193,Magdalena,Nerita,Magdalena.Nerita@yopmail.com
194,Darlleen,Sancho,Darlleen.Sancho@yopmail.com
195,Kellen,Uund,Kellen.Uund@yopmail.com
196,Minne,Mullane,Minne.Mullane@yopmail.com
197,Tabbatha,Roarke,Tabbatha.Roarke@yopmail.com
198,Drucie,Paton,Drucie.Paton@yopmail.com
199,Verla,Schroth,Verla.Schroth@yopmail.com
200,Sara-Ann,Yam,Sara-Ann.Yam@yopmail.com
201,Bobbi,Ardeha,Bobbi.Ardeha@yopmail.com
202,Nonnah,Gemini,Nonnah.Gemini@yopmail.com
203,Marika,Elsinore,Marika.Elsinore@yopmail.com
204,Kimmy,Noman,Kimmy.Noman@yopmail.com
205,Frieda,Rosemary,Frieda.Rosemary@yopmail.com
206,Adriana,Aprile,Adriana.Aprile@yopmail.com
207,Winifred,Karl,Winifred.Karl@yopmail.com
208,Althea,Monaco,Althea.Monaco@yopmail.com
209,Chastity,Rhu,Chastity.Rhu@yopmail.com
210,Viki,Lindemann,Viki.Lindemann@yopmail.com
211,Tina,Gaulin,Tina.Gaulin@yopmail.com
212,Arlena,Swanhildas,Arlena.Swanhildas@yopmail.com
213,Catharine,Granoff,Catharine.Granoff@yopmail.com
214,Pollyanna,Xerxes,Pollyanna.Xerxes@yopmail.com
215,Lucy,Ackerley,Lucy.Ackerley@yopmail.com
216,Emma,Roscoe,Emma.Roscoe@yopmail.com
217,Amii,Elo,Amii.Elo@yopmail.com
218,Petronia,Stuart,Petronia.Stuart@yopmail.com
219,Cyndie,Riva,Cyndie.Riva@yopmail.com
220,Janis,Connelly,Janis.Connelly@yopmail.com
221,Hollie,Anselmi,Hollie.Anselmi@yopmail.com
222,Karena,Eliathas,Karena.Eliathas@yopmail.com
223,Leeanne,Orlene,Leeanne.Orlene@yopmail.com
224,Flory,Ivens,Flory.Ivens@yopmail.com
225,Hettie,Hertzfeld,Hettie.Hertzfeld@yopmail.com
226,Nita,Horan,Nita.Horan@yopmail.com
227,Sybille,Lilas,Sybille.Lilas@yopmail.com
228,Corly,Howlyn,Corly.Howlyn@yopmail.com
229,Amelia,Odell,Amelia.Odell@yopmail.com
230,Margette,Creamer,Margette.Creamer@yopmail.com
231,Madelle,Jillane,Madelle.Jillane@yopmail.com
232,Hyacinthe,Sandye,Hyacinthe.Sandye@yopmail.com
233,Jany,Gino,Jany.Gino@yopmail.com
234,Berta,Teddman,Berta.Teddman@yopmail.com
235,Kimmy,Japeth,Kimmy.Japeth@yopmail.com
236,Bibby,Buffum,Bibby.Buffum@yopmail.com
237,Meriel,Afton,Meriel.Afton@yopmail.com
238,Ulrike,Jillane,Ulrike.Jillane@yopmail.com
239,Lucy,Tarrant,Lucy.Tarrant@yopmail.com
240,Isa,Boehike,Isa.Boehike@yopmail.com
241,Carilyn,Kamaria,Carilyn.Kamaria@yopmail.com
242,Misha,Madaih,Misha.Madaih@yopmail.com
243,Tarra,Amadas,Tarra.Amadas@yopmail.com
244,Renae,Kress,Renae.Kress@yopmail.com
245,Jany,Audly,Jany.Audly@yopmail.com
246,Gerianna,Odysseus,Gerianna.Odysseus@yopmail.com
247,Aurore,Merat,Aurore.Merat@yopmail.com
248,Claudina,Kesley,Claudina.Kesley@yopmail.com
249,Wynne,Bollay,Wynne.Bollay@yopmail.com
250,Fanchon,Klemperer,Fanchon.Klemperer@yopmail.com
251,Ronna,Behre,Ronna.Behre@yopmail.com
252,Grier,Dalli,Grier.Dalli@yopmail.com
253,Cristabel,Dermott,Cristabel.Dermott@yopmail.com
254,Jaime,Gavrila,Jaime.Gavrila@yopmail.com
255,Antonietta,Middleton,Antonietta.Middleton@yopmail.com
256,Selma,Dalli,Selma.Dalli@yopmail.com
257,Dari,Hanshaw,Dari.Hanshaw@yopmail.com
258,Jacenta,Abbot,Jacenta.Abbot@yopmail.com
259,Steffane,Emmaline,Steffane.Emmaline@yopmail.com
260,Anica,Love,Anica.Love@yopmail.com
261,Ofilia,Kiyoshi,Ofilia.Kiyoshi@yopmail.com
262,Pearline,Rad,Pearline.Rad@yopmail.com
263,Jenilee,Girardo,Jenilee.Girardo@yopmail.com
264,Helsa,Ashely,Helsa.Ashely@yopmail.com
265,Sadie,Jenness,Sadie.Jenness@yopmail.com
266,Sheelagh,Kauppi,Sheelagh.Kauppi@yopmail.com
267,Elena,Tippets,Elena.Tippets@yopmail.com
268,Blinni,Mehalek,Blinni.Mehalek@yopmail.com
269,Bettine,Berard,Bettine.Berard@yopmail.com
270,Cherrita,Ashely,Cherrita.Ashely@yopmail.com
271,Carmela,Ophelia,Carmela.Ophelia@yopmail.com
272,Merci,Moseley,Merci.Moseley@yopmail.com
273,Jolyn,Marijo,Jolyn.Marijo@yopmail.com
274,Laure,Lipson,Laure.Lipson@yopmail.com
275,Nickie,Philipp,Nickie.Philipp@yopmail.com
276,Dolli,Kathie,Dolli.Kathie@yopmail.com
277,Anica,Torray,Anica.Torray@yopmail.com
278,Carmencita,Bluh,Carmencita.Bluh@yopmail.com
279,Merci,Monk,Merci.Monk@yopmail.com
280,Chandra,Lunsford,Chandra.Lunsford@yopmail.com
281,Frank,Egbert,Frank.Egbert@yopmail.com
282,Mahalia,Dulciana,Mahalia.Dulciana@yopmail.com
283,Mariele,Eiser,Mariele.Eiser@yopmail.com
284,June,Allare,June.Allare@yopmail.com
285,Hayley,Moseley,Hayley.Moseley@yopmail.com
286,Sam,Abernon,Sam.Abernon@yopmail.com
287,Nita,Brackely,Nita.Brackely@yopmail.com
288,Marleah,Septima,Marleah.Septima@yopmail.com
289,Arlina,Aprile,Arlina.Aprile@yopmail.com
290,Alex,Standing,Alex.Standing@yopmail.com
291,Wendi,Sigfrid,Wendi.Sigfrid@yopmail.com
292,Averyl,Seessel,Averyl.Seessel@yopmail.com
293,Ricky,Jagir,Ricky.Jagir@yopmail.com
294,Devina,Eno,Devina.Eno@yopmail.com
295,Ada,Decato,Ada.Decato@yopmail.com
296,Rebeca,An,Rebeca.An@yopmail.com
297,Felice,Sholley,Felice.Sholley@yopmail.com
298,Tera,Eliathas,Tera.Eliathas@yopmail.com
299,Dawn,Hailee,Dawn.Hailee@yopmail.com
300,Farrah,Niccolo,Farrah.Niccolo@yopmail.com
301,Feliza,Abram,Feliza.Abram@yopmail.com
302,Paola,Albertine,Paola.Albertine@yopmail.com
303,Vivia,Turne,Vivia.Turne@yopmail.com
304,Loree,Anis,Loree.Anis@yopmail.com
305,Gabi,Iphlgenia,Gabi.Iphlgenia@yopmail.com
306,Georgetta,Solitta,Georgetta.Solitta@yopmail.com
307,Dania,Morehouse,Dania.Morehouse@yopmail.com
308,Debee,Rolf,Debee.Rolf@yopmail.com
309,Bibby,Noman,Bibby.Noman@yopmail.com
310,Nariko,Dash,Nariko.Dash@yopmail.com
311,Nannie,Anselmi,Nannie.Anselmi@yopmail.com
312,Molli,Poll,Molli.Poll@yopmail.com
313,Luci,An,Luci.An@yopmail.com
314,Kara-Lynn,Yoko,Kara-Lynn.Yoko@yopmail.com
315,Sissy,Cynar,Sissy.Cynar@yopmail.com
316,Antonietta,Raffo,Antonietta.Raffo@yopmail.com
317,Mellicent,Edvard,Mellicent.Edvard@yopmail.com
318,Noelle,Vanni,Noelle.Vanni@yopmail.com
319,Annecorinne,Azeria,Annecorinne.Azeria@yopmail.com
320,Ursulina,Goddard,Ursulina.Goddard@yopmail.com
321,Ana,Rodmann,Ana.Rodmann@yopmail.com
322,Annecorinne,Quinn,Annecorinne.Quinn@yopmail.com
323,Doro,Trey,Doro.Trey@yopmail.com
324,Raf,Even,Raf.Even@yopmail.com
325,Barbi,Bartlett,Barbi.Bartlett@yopmail.com
326,Lacie,Fosque,Lacie.Fosque@yopmail.com
327,Elka,Carey,Elka.Carey@yopmail.com
328,Rosene,Schonfeld,Rosene.Schonfeld@yopmail.com
329,Aimil,Regan,Aimil.Regan@yopmail.com
330,Randa,Bebe,Randa.Bebe@yopmail.com
331,Edee,Maxi,Edee.Maxi@yopmail.com
332,Paulita,Doig,Paulita.Doig@yopmail.com
333,Allyce,Millda,Allyce.Millda@yopmail.com
334,Jolyn,Greenwald,Jolyn.Greenwald@yopmail.com
335,Briney,Corrine,Briney.Corrine@yopmail.com
336,Joelly,Macey,Joelly.Macey@yopmail.com
337,Jean,Briney,Jean.Briney@yopmail.com
338,Netty,Percy,Netty.Percy@yopmail.com
339,Arlina,Kiersten,Arlina.Kiersten@yopmail.com
340,Dorene,Edmund,Dorene.Edmund@yopmail.com
341,Elena,Wyn,Elena.Wyn@yopmail.com
342,Charmaine,Irmine,Charmaine.Irmine@yopmail.com
343,Leontine,Pip,Leontine.Pip@yopmail.com
344,Steffane,Myrilla,Steffane.Myrilla@yopmail.com
345,Collen,Grobe,Collen.Grobe@yopmail.com
346,Yvonne,Zaslow,Yvonne.Zaslow@yopmail.com
347,Shannah,Taam,Shannah.Taam@yopmail.com
348,Queenie,Bord,Queenie.Bord@yopmail.com
349,Johna,Phaidra,Johna.Phaidra@yopmail.com
350,Aubrie,Hedve,Aubrie.Hedve@yopmail.com
351,Aimil,Jeanne,Aimil.Jeanne@yopmail.com
352,Aili,Wattenberg,Aili.Wattenberg@yopmail.com
353,Deedee,Quinn,Deedee.Quinn@yopmail.com
354,Tonia,Jethro,Tonia.Jethro@yopmail.com
355,Drucie,Burkle,Drucie.Burkle@yopmail.com
356,Charlena,Vharat,Charlena.Vharat@yopmail.com
357,Tomasina,Hertzfeld,Tomasina.Hertzfeld@yopmail.com
358,Larine,Cohdwell,Larine.Cohdwell@yopmail.com
359,Gianina,Serilda,Gianina.Serilda@yopmail.com
360,Kenna,Maples,Kenna.Maples@yopmail.com
361,Alyda,Geffner,Alyda.Geffner@yopmail.com
362,Hildegaard,Wattenberg,Hildegaard.Wattenberg@yopmail.com
363,Kassey,Jacobah,Kassey.Jacobah@yopmail.com
364,Etta,Dahlia,Etta.Dahlia@yopmail.com
365,Lisette,Erminia,Lisette.Erminia@yopmail.com
366,Mureil,Swigart,Mureil.Swigart@yopmail.com
367,Beverley,Verger,Beverley.Verger@yopmail.com
368,Gerrie,Hortensia,Gerrie.Hortensia@yopmail.com
369,Nollie,Gombach,Nollie.Gombach@yopmail.com
370,Betta,Beniamino,Betta.Beniamino@yopmail.com
371,Max,Whiffen,Max.Whiffen@yopmail.com
372,Giustina,Waite,Giustina.Waite@yopmail.com
373,Rani,Hull,Rani.Hull@yopmail.com
374,Ardeen,Federica,Ardeen.Federica@yopmail.com
375,Dawn,Goth,Dawn.Goth@yopmail.com
376,Nita,Adamsen,Nita.Adamsen@yopmail.com
377,Robinia,Bobbee,Robinia.Bobbee@yopmail.com
378,Ann-Marie,Baptlsta,Ann-Marie.Baptlsta@yopmail.com
379,Shauna,Ailyn,Shauna.Ailyn@yopmail.com
380,Deloria,Waite,Deloria.Waite@yopmail.com
381,Flory,Iaverne,Flory.Iaverne@yopmail.com
382,Mary,Zeeba,Mary.Zeeba@yopmail.com
383,Modestia,Muriel,Modestia.Muriel@yopmail.com
384,Isa,Roscoe,Isa.Roscoe@yopmail.com
385,Cacilie,Syd,Cacilie.Syd@yopmail.com
386,Dulcinea,Kiyoshi,Dulcinea.Kiyoshi@yopmail.com
387,Tiffie,McLaughlin,Tiffie.McLaughlin@yopmail.com
388,Lacie,Cosenza,Lacie.Cosenza@yopmail.com
389,Celisse,Heidt,Celisse.Heidt@yopmail.com
390,Teriann,Quent,Teriann.Quent@yopmail.com
391,Tatiania,Adore,Tatiania.Adore@yopmail.com
392,Aubrie,Annabella,Aubrie.Annabella@yopmail.com
393,Ermengarde,Dex,Ermengarde.Dex@yopmail.com
394,Kristina,Gerge,Kristina.Gerge@yopmail.com
395,Sean,Nickola,Sean.Nickola@yopmail.com
396,Marline,Kathie,Marline.Kathie@yopmail.com
397,Trudie,Ledah,Trudie.Ledah@yopmail.com
398,Vere,Audly,Vere.Audly@yopmail.com
399,Kate,Erminia,Kate.Erminia@yopmail.com
400,Meg,Caitlin,Meg.Caitlin@yopmail.com
401,Elora,Gusella,Elora.Gusella@yopmail.com
402,Heddie,Orelee,Heddie.Orelee@yopmail.com
403,Marline,Elsinore,Marline.Elsinore@yopmail.com
404,Merci,Noelyn,Merci.Noelyn@yopmail.com
405,Tina,Willie,Tina.Willie@yopmail.com
406,Lacie,Wallis,Lacie.Wallis@yopmail.com
407,Evita,Konyn,Evita.Konyn@yopmail.com
408,Michaelina,Cherianne,Michaelina.Cherianne@yopmail.com
409,Linet,Chem,Linet.Chem@yopmail.com
410,Emma,Macey,Emma.Macey@yopmail.com
411,Desirae,Kunin,Desirae.Kunin@yopmail.com
412,Gwenneth,O'Neill,Gwenneth.O'Neill@yopmail.com
413,Gabi,Pelagias,Gabi.Pelagias@yopmail.com
414,Bernardine,Sidonius,Bernardine.Sidonius@yopmail.com
415,Carly,Schenck,Carly.Schenck@yopmail.com
416,Marika,Karl,Marika.Karl@yopmail.com
417,Evita,Margret,Evita.Margret@yopmail.com
418,Lila,Daveta,Lila.Daveta@yopmail.com
419,Meghann,Brenn,Meghann.Brenn@yopmail.com
420,Clementine,Natica,Clementine.Natica@yopmail.com
421,Kayla,Muriel,Kayla.Muriel@yopmail.com
422,Dotty,Pond,Dotty.Pond@yopmail.com
423,Britni,Flita,Britni.Flita@yopmail.com
424,Trixi,Winthorpe,Trixi.Winthorpe@yopmail.com
425,Rochette,Constancy,Rochette.Constancy@yopmail.com
426,Zia,Ogren,Zia.Ogren@yopmail.com
427,Ninnetta,Cynar,Ninnetta.Cynar@yopmail.com
428,Maud,Dielu,Maud.Dielu@yopmail.com
429,Nanete,Marcellus,Nanete.Marcellus@yopmail.com
430,Tomasina,Schlosser,Tomasina.Schlosser@yopmail.com
431,Annaliese,Gaynor,Annaliese.Gaynor@yopmail.com
432,Jsandye,Firmin,Jsandye.Firmin@yopmail.com
433,Phedra,Sidonius,Phedra.Sidonius@yopmail.com
434,Antonietta,Seessel,Antonietta.Seessel@yopmail.com
435,Jessamyn,Daveta,Jessamyn.Daveta@yopmail.com
436,Nerta,Yuille,Nerta.Yuille@yopmail.com
437,Linet,Raychel,Linet.Raychel@yopmail.com
438,Frances,Curren,Frances.Curren@yopmail.com
439,Karolina,Toni,Karolina.Toni@yopmail.com
440,Nita,Allare,Nita.Allare@yopmail.com
441,Oona,Meter,Oona.Meter@yopmail.com
442,Aeriela,Aurelio,Aeriela.Aurelio@yopmail.com
443,Edith,Camden,Edith.Camden@yopmail.com
444,Halette,Corabella,Halette.Corabella@yopmail.com
445,Ermengarde,Buckler,Ermengarde.Buckler@yopmail.com
446,Teriann,Kermit,Teriann.Kermit@yopmail.com
447,Christian,Francene,Christian.Francene@yopmail.com
448,Ronna,Kathie,Ronna.Kathie@yopmail.com
449,Lelah,Hailee,Lelah.Hailee@yopmail.com
450,Larine,Pip,Larine.Pip@yopmail.com
451,Tina,Jary,Tina.Jary@yopmail.com
452,Jasmina,Haymes,Jasmina.Haymes@yopmail.com
453,Gerianna,Mallon,Gerianna.Mallon@yopmail.com
454,Jinny,Reneta,Jinny.Reneta@yopmail.com
455,Esmeralda,Tillford,Esmeralda.Tillford@yopmail.com
456,Malina,Daveta,Malina.Daveta@yopmail.com
457,Alejandra,Isidore,Alejandra.Isidore@yopmail.com
458,Lolita,Harriman,Lolita.Harriman@yopmail.com
459,Cindelyn,Colyer,Cindelyn.Colyer@yopmail.com
460,Cyb,Nedrud,Cyb.Nedrud@yopmail.com
461,Raf,Chapland,Raf.Chapland@yopmail.com
462,Gaylene,Brenn,Gaylene.Brenn@yopmail.com
463,Andree,Pillsbury,Andree.Pillsbury@yopmail.com
464,Nessie,Dorothy,Nessie.Dorothy@yopmail.com
465,Hyacinthe,Odell,Hyacinthe.Odell@yopmail.com
466,Lanae,Earlie,Lanae.Earlie@yopmail.com
467,Vanessa,Bryna,Vanessa.Bryna@yopmail.com
468,Tomasina,Schwejda,Tomasina.Schwejda@yopmail.com
469,Roslyn,Daveta,Roslyn.Daveta@yopmail.com
470,Celene,Anselmi,Celene.Anselmi@yopmail.com
471,Marcelline,Dyche,Marcelline.Dyche@yopmail.com
472,Chastity,Olympium,Chastity.Olympium@yopmail.com
473,Steffane,Evvie,Steffane.Evvie@yopmail.com
474,Trixi,Himelman,Trixi.Himelman@yopmail.com
475,Marsiella,Bigner,Marsiella.Bigner@yopmail.com
476,Lyssa,Whittaker,Lyssa.Whittaker@yopmail.com
477,Frances,Si,Frances.Si@yopmail.com
478,Lynea,Goerke,Lynea.Goerke@yopmail.com
479,Alleen,Nerita,Alleen.Nerita@yopmail.com
480,Celene,Nadia,Celene.Nadia@yopmail.com
481,Chandra,Khorma,Chandra.Khorma@yopmail.com
482,Mahalia,Maisey,Mahalia.Maisey@yopmail.com
483,Gilda,Ardra,Gilda.Ardra@yopmail.com
484,Bee,Faust,Bee.Faust@yopmail.com
485,Caritta,Solitta,Caritta.Solitta@yopmail.com
486,Wanda,Marden,Wanda.Marden@yopmail.com
487,Yolane,Vacuva,Yolane.Vacuva@yopmail.com
488,Aryn,Xerxes,Aryn.Xerxes@yopmail.com
489,Jaime,Hebner,Jaime.Hebner@yopmail.com
490,Doro,Cyrie,Doro.Cyrie@yopmail.com
491,Calla,Pascia,Calla.Pascia@yopmail.com
492,Yetty,Nicoline,Yetty.Nicoline@yopmail.com
493,Eugine,Hollingsworth,Eugine.Hollingsworth@yopmail.com
494,Lolita,Audly,Lolita.Audly@yopmail.com
495,Dominga,Leopold,Dominga.Leopold@yopmail.com
496,Di,Idelia,Di.Idelia@yopmail.com
497,Madeleine,Birdella,Madeleine.Birdella@yopmail.com
498,Genovera,Dahlia,Genovera.Dahlia@yopmail.com
499,Hildegaard,Arvo,Hildegaard.Arvo@yopmail.com
500,Valeda,Latini,Valeda.Latini@yopmail.com
501,Arlina,Naor,Arlina.Naor@yopmail.com
502,Tressa,Blake,Tressa.Blake@yopmail.com
503,Babita,Ramona,Babita.Ramona@yopmail.com
504,Harrietta,Hoban,Harrietta.Hoban@yopmail.com
505,Valera,Rustice,Valera.Rustice@yopmail.com
506,Agathe,Peti,Agathe.Peti@yopmail.com
507,Suzette,Mitzi,Suzette.Mitzi@yopmail.com
508,Georgina,Nikaniki,Georgina.Nikaniki@yopmail.com
509,Almeta,Bollay,Almeta.Bollay@yopmail.com
510,Joeann,Laverne,Joeann.Laverne@yopmail.com
511,Nollie,Wilkinson,Nollie.Wilkinson@yopmail.com
512,Hayley,Hartnett,Hayley.Hartnett@yopmail.com
513,Josephine,Adlare,Josephine.Adlare@yopmail.com
514,Ericka,Yam,Ericka.Yam@yopmail.com
515,Donetta,Daegal,Donetta.Daegal@yopmail.com
516,Laure,Chinua,Laure.Chinua@yopmail.com
517,Mara,Sholley,Mara.Sholley@yopmail.com
518,Raina,Vharat,Raina.Vharat@yopmail.com
519,Dale,Bashemeth,Dale.Bashemeth@yopmail.com
520,Netty,Moina,Netty.Moina@yopmail.com
521,Gale,Stover,Gale.Stover@yopmail.com
522,Kerrin,Waite,Kerrin.Waite@yopmail.com
523,Natka,Dyche,Natka.Dyche@yopmail.com
524,Vivia,My,Vivia.My@yopmail.com
525,Merle,Barbey,Merle.Barbey@yopmail.com
526,Kimberley,Etom,Kimberley.Etom@yopmail.com
527,Melanie,Jacqui,Melanie.Jacqui@yopmail.com
528,Karly,An,Karly.An@yopmail.com
529,Isa,Dermott,Isa.Dermott@yopmail.com
530,Gusty,Arvo,Gusty.Arvo@yopmail.com
531,Pierette,Ball,Pierette.Ball@yopmail.com
532,Alie,Weinreb,Alie.Weinreb@yopmail.com
533,Ida,Anton,Ida.Anton@yopmail.com
534,Talya,Vale,Talya.Vale@yopmail.com
535,Fawne,Gino,Fawne.Gino@yopmail.com
536,Ilse,Curren,Ilse.Curren@yopmail.com
537,Hettie,Raychel,Hettie.Raychel@yopmail.com
538,Kristina,Faso,Kristina.Faso@yopmail.com
539,Alyssa,Papageno,Alyssa.Papageno@yopmail.com
540,Molli,Mehalek,Molli.Mehalek@yopmail.com
541,Albertina,Rhu,Albertina.Rhu@yopmail.com
542,Amelia,Kiyoshi,Amelia.Kiyoshi@yopmail.com
543,Lanae,Caitlin,Lanae.Caitlin@yopmail.com
544,Riannon,Chapland,Riannon.Chapland@yopmail.com
545,Danika,Paine,Danika.Paine@yopmail.com
546,Mignon,Loleta,Mignon.Loleta@yopmail.com
547,Paule,Uund,Paule.Uund@yopmail.com
548,Edyth,Tacye,Edyth.Tacye@yopmail.com
549,Jaclyn,Stefa,Jaclyn.Stefa@yopmail.com
550,Konstance,Pernick,Konstance.Pernick@yopmail.com
551,Flory,Gillan,Flory.Gillan@yopmail.com
552,Belinda,Lilybelle,Belinda.Lilybelle@yopmail.com
553,Aubrie,Madelene,Aubrie.Madelene@yopmail.com
554,Leontine,Rustice,Leontine.Rustice@yopmail.com
555,Max,Delp,Max.Delp@yopmail.com
556,Sam,Lemuela,Sam.Lemuela@yopmail.com
557,Aimil,Bates,Aimil.Bates@yopmail.com
558,Mamie,Love,Mamie.Love@yopmail.com
559,Arabel,Kosey,Arabel.Kosey@yopmail.com
560,Arlina,Zachary,Arlina.Zachary@yopmail.com
561,Rivalee,Donoghue,Rivalee.Donoghue@yopmail.com
562,Rochette,Toffic,Rochette.Toffic@yopmail.com
563,Tabbatha,Nadia,Tabbatha.Nadia@yopmail.com
564,Doro,Brunell,Doro.Brunell@yopmail.com
565,Justinn,Bouchard,Justinn.Bouchard@yopmail.com
566,Gusella,Mott,Gusella.Mott@yopmail.com
567,Johna,Leonard,Johna.Leonard@yopmail.com
568,Florie,Yusuk,Florie.Yusuk@yopmail.com
569,Paola,Goldina,Paola.Goldina@yopmail.com
570,Fanny,Guthrie,Fanny.Guthrie@yopmail.com
571,Jillayne,Persse,Jillayne.Persse@yopmail.com
572,Modestia,Eckblad,Modestia.Eckblad@yopmail.com
573,Iseabal,Wilona,Iseabal.Wilona@yopmail.com
574,Dolli,Geffner,Dolli.Geffner@yopmail.com
575,Shannah,Adalbert,Shannah.Adalbert@yopmail.com
576,Jinny,Rosalba,Jinny.Rosalba@yopmail.com
577,Ada,Pip,Ada.Pip@yopmail.com
578,Judy,Michella,Judy.Michella@yopmail.com
579,Marylou,Ramona,Marylou.Ramona@yopmail.com
580,Flo,Haymes,Flo.Haymes@yopmail.com
581,Iseabal,Melleta,Iseabal.Melleta@yopmail.com
582,Lilith,Garek,Lilith.Garek@yopmail.com
583,Winny,Flyn,Winny.Flyn@yopmail.com
584,Carilyn,Flyn,Carilyn.Flyn@yopmail.com
585,Romona,Klotz,Romona.Klotz@yopmail.com
586,Bernie,Gert,Bernie.Gert@yopmail.com
587,Nikki,Dreda,Nikki.Dreda@yopmail.com
588,Hollie,Thar,Hollie.Thar@yopmail.com
589,Zondra,Hirsch,Zondra.Hirsch@yopmail.com
590,Sheelagh,Emmy,Sheelagh.Emmy@yopmail.com
591,Kylynn,Lynn,Kylynn.Lynn@yopmail.com
592,Vevay,Albertine,Vevay.Albertine@yopmail.com
593,Roslyn,Juliet,Roslyn.Juliet@yopmail.com
594,Fidelia,Bendick,Fidelia.Bendick@yopmail.com
595,Mireielle,Sherrie,Mireielle.Sherrie@yopmail.com
596,Agnese,Egbert,Agnese.Egbert@yopmail.com
597,Daryl,Annice,Daryl.Annice@yopmail.com
598,Tarra,Wittie,Tarra.Wittie@yopmail.com
599,Shaylyn,Kellby,Shaylyn.Kellby@yopmail.com
600,Beatriz,Mitzi,Beatriz.Mitzi@yopmail.com
601,Kate,Dielu,Kate.Dielu@yopmail.com
602,Celisse,Gwenore,Celisse.Gwenore@yopmail.com
603,Ebonee,Blase,Ebonee.Blase@yopmail.com
604,Marita,Lory,Marita.Lory@yopmail.com
605,Philis,Mehalek,Philis.Mehalek@yopmail.com
606,Consuela,Peti,Consuela.Peti@yopmail.com
607,Neila,Janith,Neila.Janith@yopmail.com
608,Minne,Ralfston,Minne.Ralfston@yopmail.com
609,Averyl,Muriel,Averyl.Muriel@yopmail.com
610,Donnie,Hachmin,Donnie.Hachmin@yopmail.com
611,Linzy,Jess,Linzy.Jess@yopmail.com
612,Ulrike,Fabiola,Ulrike.Fabiola@yopmail.com
613,Emmey,Hurley,Emmey.Hurley@yopmail.com
614,Cathyleen,Dosia,Cathyleen.Dosia@yopmail.com
615,Bernie,Narton,Bernie.Narton@yopmail.com
616,Alyssa,Erlandson,Alyssa.Erlandson@yopmail.com
617,Lizzie,Ezar,Lizzie.Ezar@yopmail.com
618,Catrina,Hoban,Catrina.Hoban@yopmail.com
619,Ulrike,Guildroy,Ulrike.Guildroy@yopmail.com
620,Tressa,Levey,Tressa.Levey@yopmail.com
621,Moyna,Uund,Moyna.Uund@yopmail.com
622,Di,Annice,Di.Annice@yopmail.com
623,Coral,Ogren,Coral.Ogren@yopmail.com
624,Tori,Posner,Tori.Posner@yopmail.com
625,Feliza,Ricki,Feliza.Ricki@yopmail.com
626,Bobbi,Socha,Bobbi.Socha@yopmail.com
627,Annora,Corilla,Annora.Corilla@yopmail.com
628,Ingrid,Peg,Ingrid.Peg@yopmail.com
629,Shannah,Anastatius,Shannah.Anastatius@yopmail.com
630,Kathy,Arne,Kathy.Arne@yopmail.com
631,Gusella,Dunkin,Gusella.Dunkin@yopmail.com
632,Lucille,Barrus,Lucille.Barrus@yopmail.com
633,Antonietta,Sekofski,Antonietta.Sekofski@yopmail.com
634,Briney,Halsey,Briney.Halsey@yopmail.com
635,Caryl,Abernon,Caryl.Abernon@yopmail.com
636,Lizzie,Zachary,Lizzie.Zachary@yopmail.com
637,Cassandra,Ajay,Cassandra.Ajay@yopmail.com
638,Vinita,Sasnett,Vinita.Sasnett@yopmail.com
639,Mariele,Alwin,Mariele.Alwin@yopmail.com
640,Elfreda,Baylor,Elfreda.Baylor@yopmail.com
641,Cristabel,Tyson,Cristabel.Tyson@yopmail.com
642,Jacenta,Hazlett,Jacenta.Hazlett@yopmail.com
643,Norine,Rossner,Norine.Rossner@yopmail.com
644,Pamella,Bach,Pamella.Bach@yopmail.com
645,Nadine,Annice,Nadine.Annice@yopmail.com
646,Ivett,Jehu,Ivett.Jehu@yopmail.com
647,Kathy,Atcliffe,Kathy.Atcliffe@yopmail.com
648,Heida,Phi,Heida.Phi@yopmail.com
649,Vanessa,Nester,Vanessa.Nester@yopmail.com
650,Ernesta,Girardo,Ernesta.Girardo@yopmail.com
651,Oralee,Pitt,Oralee.Pitt@yopmail.com
652,Lory,Remmer,Lory.Remmer@yopmail.com
653,Selma,Center,Selma.Center@yopmail.com
654,Henriette,Mike,Henriette.Mike@yopmail.com
655,Fawne,Isidore,Fawne.Isidore@yopmail.com
656,Cristabel,Corrine,Cristabel.Corrine@yopmail.com
657,Chickie,Abernon,Chickie.Abernon@yopmail.com
658,Orsola,Graig,Orsola.Graig@yopmail.com
659,Norine,Remmer,Norine.Remmer@yopmail.com
660,Celene,Calhoun,Celene.Calhoun@yopmail.com
661,Annaliese,Myrilla,Annaliese.Myrilla@yopmail.com
662,Lynnea,Sancho,Lynnea.Sancho@yopmail.com
663,Tracey,Xerxes,Tracey.Xerxes@yopmail.com
664,Tybie,LaRue,Tybie.LaRue@yopmail.com
665,Elie,Vary,Elie.Vary@yopmail.com
666,Fernande,Fancie,Fernande.Fancie@yopmail.com
667,Karena,Hilbert,Karena.Hilbert@yopmail.com
668,Hannis,Stav,Hannis.Stav@yopmail.com
669,Elie,Latini,Elie.Latini@yopmail.com
670,Chrystel,Rocray,Chrystel.Rocray@yopmail.com
671,Hannis,Aprile,Hannis.Aprile@yopmail.com
672,Carmencita,Mauer,Carmencita.Mauer@yopmail.com
673,Lizzie,Elisha,Lizzie.Elisha@yopmail.com
674,Britte,Sheng,Britte.Sheng@yopmail.com
675,Netty,Hillel,Netty.Hillel@yopmail.com
676,Hyacinthe,Sherrie,Hyacinthe.Sherrie@yopmail.com
677,Layla,Belanger,Layla.Belanger@yopmail.com
678,Ira,Chinua,Ira.Chinua@yopmail.com
679,Agnese,Artie,Agnese.Artie@yopmail.com
680,Berget,Luhe,Berget.Luhe@yopmail.com
681,Grier,Kevon,Grier.Kevon@yopmail.com
682,Barbara,Bach,Barbara.Bach@yopmail.com
683,Karolina,Jotham,Karolina.Jotham@yopmail.com
684,Kirbee,Diann,Kirbee.Diann@yopmail.com
685,Jacquetta,Frodi,Jacquetta.Frodi@yopmail.com
686,Nyssa,Milson,Nyssa.Milson@yopmail.com
687,Maisey,Poppy,Maisey.Poppy@yopmail.com
688,Georgetta,Adore,Georgetta.Adore@yopmail.com
689,Ezmeralda,Dearborn,Ezmeralda.Dearborn@yopmail.com
690,Roseline,Percy,Roseline.Percy@yopmail.com
691,Wynne,Lutero,Wynne.Lutero@yopmail.com
692,Silvana,Lail,Silvana.Lail@yopmail.com
693,Consuela,Pillsbury,Consuela.Pillsbury@yopmail.com
694,Lorne,Douglass,Lorne.Douglass@yopmail.com
695,Korrie,Ulphia,Korrie.Ulphia@yopmail.com
696,Merrie,Grayce,Merrie.Grayce@yopmail.com
697,Carly,Ortrude,Carly.Ortrude@yopmail.com
698,Chrystel,Tamar,Chrystel.Tamar@yopmail.com
699,Binny,Ardeha,Binny.Ardeha@yopmail.com
700,Brana,Raul,Brana.Raul@yopmail.com
701,Daune,Rosette,Daune.Rosette@yopmail.com
702,Shell,Christal,Shell.Christal@yopmail.com
703,Kimberley,Herrera,Kimberley.Herrera@yopmail.com
704,Celestyna,Bohlin,Celestyna.Bohlin@yopmail.com
705,Marjie,Eben,Marjie.Eben@yopmail.com
706,Kaja,Anastatius,Kaja.Anastatius@yopmail.com
707,June,Peg,June.Peg@yopmail.com
708,Carlie,Hollingsworth,Carlie.Hollingsworth@yopmail.com
709,Alyda,Lea,Alyda.Lea@yopmail.com
710,Cordi,Delp,Cordi.Delp@yopmail.com
711,Marti,Gavrila,Marti.Gavrila@yopmail.com
712,Anestassia,Aldric,Anestassia.Aldric@yopmail.com
713,Lanae,Byrne,Lanae.Byrne@yopmail.com
714,Misha,Nahum,Misha.Nahum@yopmail.com
715,Ericka,Pacorro,Ericka.Pacorro@yopmail.com
716,Estell,Hieronymus,Estell.Hieronymus@yopmail.com
717,Deedee,Klemperer,Deedee.Klemperer@yopmail.com
718,Goldie,Edee,Goldie.Edee@yopmail.com
719,Karly,Tamsky,Karly.Tamsky@yopmail.com
720,Robbi,Eugenia,Robbi.Eugenia@yopmail.com
721,Doralynne,Han,Doralynne.Han@yopmail.com
722,Nickie,Kaete,Nickie.Kaete@yopmail.com
723,Donnie,Pond,Donnie.Pond@yopmail.com
724,Alyda,Colp,Alyda.Colp@yopmail.com
725,Hallie,Gregrory,Hallie.Gregrory@yopmail.com
726,Vivia,Briney,Vivia.Briney@yopmail.com
727,Gusella,Mott,Gusella.Mott@yopmail.com
728,Ardeen,Helfand,Ardeen.Helfand@yopmail.com
729,Gerrie,Goth,Gerrie.Goth@yopmail.com
730,Robinia,Christine,Robinia.Christine@yopmail.com
731,Elise,Salvidor,Elise.Salvidor@yopmail.com
732,Candy,Ethban,Candy.Ethban@yopmail.com
733,Jsandye,Tomasina,Jsandye.Tomasina@yopmail.com
734,Helsa,Posner,Helsa.Posner@yopmail.com
735,Phedra,Percy,Phedra.Percy@yopmail.com
736,Rani,Whittaker,Rani.Whittaker@yopmail.com
737,Constance,Leopold,Constance.Leopold@yopmail.com
738,Justinn,Ricarda,Justinn.Ricarda@yopmail.com
739,Millie,Cyrie,Millie.Cyrie@yopmail.com
740,Merle,Albertine,Merle.Albertine@yopmail.com
741,Melodie,Eldrid,Melodie.Eldrid@yopmail.com
742,Molli,Shaver,Molli.Shaver@yopmail.com
743,Karolina,Fillbert,Karolina.Fillbert@yopmail.com
744,Esmeralda,Harriman,Esmeralda.Harriman@yopmail.com
745,Jere,Swigart,Jere.Swigart@yopmail.com
746,Annaliese,Gower,Annaliese.Gower@yopmail.com
747,Kimberley,Aida,Kimberley.Aida@yopmail.com
748,Teriann,Creamer,Teriann.Creamer@yopmail.com
749,Robinia,Ruvolo,Robinia.Ruvolo@yopmail.com
750,Farrah,Melony,Farrah.Melony@yopmail.com
751,Augustine,Neva,Augustine.Neva@yopmail.com
752,Julieta,Morgun,Julieta.Morgun@yopmail.com
753,Lesly,Pattin,Lesly.Pattin@yopmail.com
754,Shauna,Vanni,Shauna.Vanni@yopmail.com
755,Gerrie,Gino,Gerrie.Gino@yopmail.com
756,Lynde,Redmond,Lynde.Redmond@yopmail.com
757,Misha,Gamaliel,Misha.Gamaliel@yopmail.com
758,Ira,Haerr,Ira.Haerr@yopmail.com
759,Shel,Ogren,Shel.Ogren@yopmail.com
760,Florencia,Nadia,Florencia.Nadia@yopmail.com
761,Coral,Alice,Coral.Alice@yopmail.com
762,Miquela,Lynn,Miquela.Lynn@yopmail.com
763,Louella,Marijo,Louella.Marijo@yopmail.com
764,Lusa,Andrel,Lusa.Andrel@yopmail.com
765,Ardeen,Prober,Ardeen.Prober@yopmail.com
766,Dianemarie,Carbo,Dianemarie.Carbo@yopmail.com
767,Nanete,Sancho,Nanete.Sancho@yopmail.com
768,Zsa Zsa,Corabella,Zsa Zsa.Corabella@yopmail.com
769,Rubie,Jena,Rubie.Jena@yopmail.com
770,Amelia,Francyne,Amelia.Francyne@yopmail.com
771,Caritta,Ovid,Caritta.Ovid@yopmail.com
772,Nataline,Bultman,Nataline.Bultman@yopmail.com
773,Berta,Cornelia,Berta.Cornelia@yopmail.com
774,Belva,Laverne,Belva.Laverne@yopmail.com
775,Blake,Bashemeth,Blake.Bashemeth@yopmail.com
776,Valeda,Seumas,Valeda.Seumas@yopmail.com
777,Valera,Rolf,Valera.Rolf@yopmail.com
778,Kirbee,Anselmi,Kirbee.Anselmi@yopmail.com
779,Stevana,Chrystel,Stevana.Chrystel@yopmail.com
780,Letizia,Uund,Letizia.Uund@yopmail.com
781,Ethel,Sasnett,Ethel.Sasnett@yopmail.com
782,Mireielle,Frendel,Mireielle.Frendel@yopmail.com
783,Zia,Fulmer,Zia.Fulmer@yopmail.com
784,Darlleen,Crudden,Darlleen.Crudden@yopmail.com
785,Marinna,Ahab,Marinna.Ahab@yopmail.com
786,Maridel,Lymann,Maridel.Lymann@yopmail.com
787,Kary,Huggins,Kary.Huggins@yopmail.com
788,Ida,Gavrila,Ida.Gavrila@yopmail.com
789,Ardys,Cookie,Ardys.Cookie@yopmail.com
790,Ketti,Hanshaw,Ketti.Hanshaw@yopmail.com
791,Luci,Hashim,Luci.Hashim@yopmail.com
792,Roxane,Madaih,Roxane.Madaih@yopmail.com
793,Henriette,Dominy,Henriette.Dominy@yopmail.com
794,Winifred,Raffo,Winifred.Raffo@yopmail.com
795,Elora,Berne,Elora.Berne@yopmail.com
796,Bobinette,An,Bobinette.An@yopmail.com
797,Vinita,Nadia,Vinita.Nadia@yopmail.com
798,Chandra,Rogerio,Chandra.Rogerio@yopmail.com
799,Daryl,Meter,Daryl.Meter@yopmail.com
800,Vanessa,Autrey,Vanessa.Autrey@yopmail.com
801,Tori,Shaddock,Tori.Shaddock@yopmail.com
802,Amelia,Sammons,Amelia.Sammons@yopmail.com
803,Regina,Dom,Regina.Dom@yopmail.com
804,Selia,Dash,Selia.Dash@yopmail.com
805,Caritta,Serilda,Caritta.Serilda@yopmail.com
806,Fawne,Raama,Fawne.Raama@yopmail.com
807,Roseline,Johanna,Roseline.Johanna@yopmail.com
808,Sashenka,Sandye,Sashenka.Sandye@yopmail.com
809,Teddie,Dannye,Teddie.Dannye@yopmail.com
810,Devina,Cullin,Devina.Cullin@yopmail.com
811,Rani,Dahlia,Rani.Dahlia@yopmail.com
812,Sheree,Bari,Sheree.Bari@yopmail.com
813,Cristine,Flita,Cristine.Flita@yopmail.com
814,Estell,Dimitris,Estell.Dimitris@yopmail.com
815,Glynnis,Gaulin,Glynnis.Gaulin@yopmail.com
816,Bettine,Jalbert,Bettine.Jalbert@yopmail.com
817,Collen,Hebner,Collen.Hebner@yopmail.com
818,Heddie,Diogenes,Heddie.Diogenes@yopmail.com
819,Justinn,Naashom,Justinn.Naashom@yopmail.com
820,Beverley,Lipson,Beverley.Lipson@yopmail.com
821,Tiffie,Barbey,Tiffie.Barbey@yopmail.com
822,Nita,Genna,Nita.Genna@yopmail.com
823,Jemie,Corabella,Jemie.Corabella@yopmail.com
824,Rivalee,Vacuva,Rivalee.Vacuva@yopmail.com
825,Christal,Erb,Christal.Erb@yopmail.com
826,Goldie,Evangelia,Goldie.Evangelia@yopmail.com
827,Beverley,Travax,Beverley.Travax@yopmail.com
828,Perry,Carleen,Perry.Carleen@yopmail.com
829,Leontine,Schroth,Leontine.Schroth@yopmail.com
830,Shauna,Joni,Shauna.Joni@yopmail.com
831,Katleen,Ellord,Katleen.Ellord@yopmail.com
832,Heddie,Francene,Heddie.Francene@yopmail.com
833,Rosaline,Morgun,Rosaline.Morgun@yopmail.com
834,Gilda,Luhe,Gilda.Luhe@yopmail.com
835,Kamilah,Merna,Kamilah.Merna@yopmail.com
836,Giustina,Hermes,Giustina.Hermes@yopmail.com
837,Ebonee,Old,Ebonee.Old@yopmail.com
838,Zsa Zsa,Gemini,Zsa Zsa.Gemini@yopmail.com
839,Karlee,Hanshaw,Karlee.Hanshaw@yopmail.com
840,Christian,Sidonius,Christian.Sidonius@yopmail.com
841,Cassandra,Johnsson,Cassandra.Johnsson@yopmail.com
842,Dacia,Arvo,Dacia.Arvo@yopmail.com
843,Marcy,Arley,Marcy.Arley@yopmail.com
844,Arabel,Rhu,Arabel.Rhu@yopmail.com
845,Basia,Sisile,Basia.Sisile@yopmail.com
846,Jackie,Dyche,Jackie.Dyche@yopmail.com
847,Hettie,Chesna,Hettie.Chesna@yopmail.com
848,Patricia,Idelia,Patricia.Idelia@yopmail.com
849,Wynne,Aloise,Wynne.Aloise@yopmail.com
850,Modestia,Adrienne,Modestia.Adrienne@yopmail.com
851,Elbertina,Eliathas,Elbertina.Eliathas@yopmail.com
852,Karly,Alice,Karly.Alice@yopmail.com
853,Pamella,Tengdin,Pamella.Tengdin@yopmail.com
854,Elmira,Schlosser,Elmira.Schlosser@yopmail.com
855,Demetris,Peonir,Demetris.Peonir@yopmail.com
856,Madeleine,Terrence,Madeleine.Terrence@yopmail.com
857,Dianemarie,Timon,Dianemarie.Timon@yopmail.com
858,Cordi,Peonir,Cordi.Peonir@yopmail.com
859,Daphne,Paton,Daphne.Paton@yopmail.com
860,Rayna,Taima,Rayna.Taima@yopmail.com
861,Katharina,Cath,Katharina.Cath@yopmail.com
862,Adelle,Sadowski,Adelle.Sadowski@yopmail.com
863,Meriel,Gibbeon,Meriel.Gibbeon@yopmail.com
864,Valli,Jagir,Valli.Jagir@yopmail.com
865,Annabela,Meli,Annabela.Meli@yopmail.com
866,Dorthy,Evvie,Dorthy.Evvie@yopmail.com
867,Janeczka,Sherfield,Janeczka.Sherfield@yopmail.com
868,Coral,Sancho,Coral.Sancho@yopmail.com
869,Natka,Valerio,Natka.Valerio@yopmail.com
870,Peri,Dorothy,Peri.Dorothy@yopmail.com
871,Damaris,Gino,Damaris.Gino@yopmail.com
872,Jeanna,Dosia,Jeanna.Dosia@yopmail.com
873,Doralynne,Rudolph,Doralynne.Rudolph@yopmail.com
874,Therine,Maryanne,Therine.Maryanne@yopmail.com
875,Lauryn,Chobot,Lauryn.Chobot@yopmail.com
876,Harmonia,Irmine,Harmonia.Irmine@yopmail.com
877,Cyb,Gaal,Cyb.Gaal@yopmail.com
878,Karly,Cottle,Karly.Cottle@yopmail.com
879,Teddie,Pettiford,Teddie.Pettiford@yopmail.com
880,Trudie,Chaing,Trudie.Chaing@yopmail.com
881,Christal,Presber,Christal.Presber@yopmail.com
882,Fidelia,Desai,Fidelia.Desai@yopmail.com
883,Eve,Verger,Eve.Verger@yopmail.com
884,Lisette,Hirsch,Lisette.Hirsch@yopmail.com
885,Rani,Grimbly,Rani.Grimbly@yopmail.com
886,Elora,Travax,Elora.Travax@yopmail.com
887,Asia,Randene,Asia.Randene@yopmail.com
888,Berget,Rosalba,Berget.Rosalba@yopmail.com
889,Mignon,Fancie,Mignon.Fancie@yopmail.com
890,Selma,Percy,Selma.Percy@yopmail.com
891,Jessy,Naor,Jessy.Naor@yopmail.com
892,Doro,Drisko,Doro.Drisko@yopmail.com
893,Dolli,Delila,Dolli.Delila@yopmail.com
894,Aurelie,Natalia,Aurelie.Natalia@yopmail.com
895,Sam,Liebermann,Sam.Liebermann@yopmail.com
896,Gale,Thilda,Gale.Thilda@yopmail.com
897,Aubrie,Fadiman,Aubrie.Fadiman@yopmail.com
898,Gabi,Yate,Gabi.Yate@yopmail.com
899,Valli,Penelopa,Valli.Penelopa@yopmail.com
900,Caryl,Judye,Caryl.Judye@yopmail.com
901,Silvana,Connelly,Silvana.Connelly@yopmail.com
902,Ilse,Bonucci,Ilse.Bonucci@yopmail.com
903,Georgina,Orelee,Georgina.Orelee@yopmail.com
904,Berget,Hashim,Berget.Hashim@yopmail.com
905,Lucy,Fleeta,Lucy.Fleeta@yopmail.com
906,Hettie,Serilda,Hettie.Serilda@yopmail.com
907,Constance,Bobbee,Constance.Bobbee@yopmail.com
908,Edee,Bonilla,Edee.Bonilla@yopmail.com
909,Feliza,Latini,Feliza.Latini@yopmail.com
910,Ilse,Nedrud,Ilse.Nedrud@yopmail.com
911,Jenda,Hirsch,Jenda.Hirsch@yopmail.com
912,Deedee,Gaulin,Deedee.Gaulin@yopmail.com
913,Di,Bebe,Di.Bebe@yopmail.com
914,Esmeralda,Burch,Esmeralda.Burch@yopmail.com
915,Edyth,Gahl,Edyth.Gahl@yopmail.com
916,Priscilla,Bandeen,Priscilla.Bandeen@yopmail.com
917,Kary,Tamar,Kary.Tamar@yopmail.com
918,Judy,Guthrie,Judy.Guthrie@yopmail.com
919,Zaria,Eben,Zaria.Eben@yopmail.com
920,Britte,Dorothy,Britte.Dorothy@yopmail.com
921,Roberta,Pitt,Roberta.Pitt@yopmail.com
922,Henriette,Turne,Henriette.Turne@yopmail.com
923,Mady,Margarete,Mady.Margarete@yopmail.com
924,Etta,Phyllis,Etta.Phyllis@yopmail.com
925,Lucille,Devlen,Lucille.Devlen@yopmail.com
926,Arabel,Selway,Arabel.Selway@yopmail.com
927,Janis,Ortrude,Janis.Ortrude@yopmail.com
928,Grier,Hunfredo,Grier.Hunfredo@yopmail.com
929,Devina,Margarete,Devina.Margarete@yopmail.com
930,Kylynn,Niccolo,Kylynn.Niccolo@yopmail.com
931,Alameda,Kiyoshi,Alameda.Kiyoshi@yopmail.com
932,Marika,Magdalen,Marika.Magdalen@yopmail.com
933,Arlena,Camden,Arlena.Camden@yopmail.com
934,Kylynn,Darrell,Kylynn.Darrell@yopmail.com
935,Anica,Maples,Anica.Maples@yopmail.com
936,Lacie,Valoniah,Lacie.Valoniah@yopmail.com
937,Ethel,Keelia,Ethel.Keelia@yopmail.com
938,Regina,Tengdin,Regina.Tengdin@yopmail.com
939,Genevra,Buttaro,Genevra.Buttaro@yopmail.com
940,Hannis,Kimmie,Hannis.Kimmie@yopmail.com
941,Aigneis,Granoff,Aigneis.Granoff@yopmail.com
942,Dode,Lutero,Dode.Lutero@yopmail.com
943,Orelia,Rodmann,Orelia.Rodmann@yopmail.com
944,Norine,Shields,Norine.Shields@yopmail.com
945,Eugine,Lasley,Eugine.Lasley@yopmail.com
946,Tami,Ferino,Tami.Ferino@yopmail.com
947,Dianemarie,Mott,Dianemarie.Mott@yopmail.com
948,Carree,Azeria,Carree.Azeria@yopmail.com
949,Inga,Atcliffe,Inga.Atcliffe@yopmail.com
950,Ekaterina,Virgin,Ekaterina.Virgin@yopmail.com
951,Myriam,Eiser,Myriam.Eiser@yopmail.com
952,Debee,Jacobah,Debee.Jacobah@yopmail.com
953,Madeleine,Hathaway,Madeleine.Hathaway@yopmail.com
954,Amara,Peonir,Amara.Peonir@yopmail.com
955,Darlleen,Gregrory,Darlleen.Gregrory@yopmail.com
956,Annora,Hoban,Annora.Hoban@yopmail.com
957,Atlanta,Engdahl,Atlanta.Engdahl@yopmail.com
958,Cassandra,Maroney,Cassandra.Maroney@yopmail.com
959,Carree,Eachern,Carree.Eachern@yopmail.com
960,Emelina,Pip,Emelina.Pip@yopmail.com
961,Maye,Gavrila,Maye.Gavrila@yopmail.com
962,Constance,Nunci,Constance.Nunci@yopmail.com
963,Audrie,Shaddock,Audrie.Shaddock@yopmail.com
964,Cristine,Grimbly,Cristine.Grimbly@yopmail.com
965,Mariele,Michella,Mariele.Michella@yopmail.com
966,Tatiania,Ioab,Tatiania.Ioab@yopmail.com
967,Kirstin,Dowski,Kirstin.Dowski@yopmail.com
968,Chandra,Erminia,Chandra.Erminia@yopmail.com
969,Gertrud,Elsinore,Gertrud.Elsinore@yopmail.com
970,Lory,Noelyn,Lory.Noelyn@yopmail.com
971,Marcy,Torray,Marcy.Torray@yopmail.com
972,Alisha,Dorcy,Alisha.Dorcy@yopmail.com
973,Elfreda,Hathaway,Elfreda.Hathaway@yopmail.com
974,Jessamyn,Stelle,Jessamyn.Stelle@yopmail.com
975,Angelique,Bord,Angelique.Bord@yopmail.com
976,Priscilla,Han,Priscilla.Han@yopmail.com
977,Judy,Boehike,Judy.Boehike@yopmail.com
978,Katharina,Dominy,Katharina.Dominy@yopmail.com
979,Adele,Hewitt,Adele.Hewitt@yopmail.com
980,Marita,Honoria,Marita.Honoria@yopmail.com
981,Shaylyn,Marcellus,Shaylyn.Marcellus@yopmail.com
982,Ingrid,Uund,Ingrid.Uund@yopmail.com
983,Blondelle,Brackely,Blondelle.Brackely@yopmail.com
984,Karena,Tice,Karena.Tice@yopmail.com
985,Selia,Dorothy,Selia.Dorothy@yopmail.com
986,Cathie,Zitvaa,Cathie.Zitvaa@yopmail.com
987,Pierette,Amadas,Pierette.Amadas@yopmail.com
988,Ann-Marie,Desai,Ann-Marie.Desai@yopmail.com
989,Bernardine,Bebe,Bernardine.Bebe@yopmail.com
990,Jaclyn,Valerio,Jaclyn.Valerio@yopmail.com
991,Edee,Bultman,Edee.Bultman@yopmail.com
992,Candi,Saint,Candi.Saint@yopmail.com
993,Ira,Artie,Ira.Artie@yopmail.com
994,Jobi,Suanne,Jobi.Suanne@yopmail.com
995,Olivette,Iphlgenia,Olivette.Iphlgenia@yopmail.com
996,Tamqrah,Faria,Tamqrah.Faria@yopmail.com
997,Orsola,Granoff,Orsola.Granoff@yopmail.com
998,Aigneis,Orlene,Aigneis.Orlene@yopmail.com
999,Donnie,Kauppi,Donnie.Kauppi@yopmail.com
1000,Jenilee,Hashim,Jenilee.Hashim@yopmail.com
1001,Dorthy,Leonard,Dorthy.Leonard@yopmail.com
1002,Harrietta,Rossner,Harrietta.Rossner@yopmail.com
1003,Winny,Hebner,Winny.Hebner@yopmail.com
1004,Larine,Chobot,Larine.Chobot@yopmail.com
1005,Lanna,Duwalt,Lanna.Duwalt@yopmail.com
1006,Gabriellia,Buffum,Gabriellia.Buffum@yopmail.com
1007,Bettine,Armanda,Bettine.Armanda@yopmail.com
1008,Brana,Woodberry,Brana.Woodberry@yopmail.com
1009,Binny,Loleta,Binny.Loleta@yopmail.com
1010,Lila,Ovid,Lila.Ovid@yopmail.com
1011,Mariele,Publia,Mariele.Publia@yopmail.com
1012,Beth,Diogenes,Beth.Diogenes@yopmail.com
1013,Aurore,Laurianne,Aurore.Laurianne@yopmail.com
1014,Maisey,Socha,Maisey.Socha@yopmail.com
1015,Dennie,Munn,Dennie.Munn@yopmail.com
1016,Cassondra,Riordan,Cassondra.Riordan@yopmail.com
1017,Paule,Erich,Paule.Erich@yopmail.com
1018,Shaine,Bach,Shaine.Bach@yopmail.com
1019,Asia,Elephus,Asia.Elephus@yopmail.com
1020,Sonni,Jeanne,Sonni.Jeanne@yopmail.com
1021,Cherilyn,Rad,Cherilyn.Rad@yopmail.com
1022,Tani,Robertson,Tani.Robertson@yopmail.com
1023,Priscilla,Paton,Priscilla.Paton@yopmail.com
1024,Fredericka,Ranjiv,Fredericka.Ranjiv@yopmail.com
1025,Rivalee,Leary,Rivalee.Leary@yopmail.com
1026,Wendi,Dom,Wendi.Dom@yopmail.com
1027,Darci,Delacourt,Darci.Delacourt@yopmail.com
1028,Stacey,Dalli,Stacey.Dalli@yopmail.com
1029,Selma,Tristram,Selma.Tristram@yopmail.com
1030,Rebeca,Fulmer,Rebeca.Fulmer@yopmail.com
1031,Hyacinthe,Shama,Hyacinthe.Shama@yopmail.com
1032,Marcy,Levey,Marcy.Levey@yopmail.com
1033,Adriana,Glovsky,Adriana.Glovsky@yopmail.com
1034,Paulita,Thad,Paulita.Thad@yopmail.com
1035,Berget,Land,Berget.Land@yopmail.com
1036,Sheelagh,Ferino,Sheelagh.Ferino@yopmail.com
1037,Talya,Hoban,Talya.Hoban@yopmail.com
1038,Michaelina,Rheingold,Michaelina.Rheingold@yopmail.com
1039,Sharai,Joeann,Sharai.Joeann@yopmail.com
1040,Joeann,Blase,Joeann.Blase@yopmail.com
1041,Brietta,Mehalek,Brietta.Mehalek@yopmail.com
1042,Willetta,Boycey,Willetta.Boycey@yopmail.com
1043,Chickie,Socha,Chickie.Socha@yopmail.com
1044,Ninnetta,Billye,Ninnetta.Billye@yopmail.com
1045,Shirlee,Mott,Shirlee.Mott@yopmail.com
1046,Nikki,Romelda,Nikki.Romelda@yopmail.com
1047,Elka,Zina,Elka.Zina@yopmail.com
1048,Priscilla,Bonucci,Priscilla.Bonucci@yopmail.com
1049,Berget,Pearse,Berget.Pearse@yopmail.com
1050,Bernie,Dudley,Bernie.Dudley@yopmail.com
1051,Lucy,Saint,Lucy.Saint@yopmail.com
1052,Shannah,Vilma,Shannah.Vilma@yopmail.com
1053,Sophia,Hebner,Sophia.Hebner@yopmail.com
1054,Margette,Ranjiv,Margette.Ranjiv@yopmail.com
1055,Henriette,Howlyn,Henriette.Howlyn@yopmail.com
1056,Marline,Anton,Marline.Anton@yopmail.com
1057,Valli,Maryanne,Valli.Maryanne@yopmail.com
1058,Gerrie,Phi,Gerrie.Phi@yopmail.com
1059,Beverley,Lubin,Beverley.Lubin@yopmail.com
1060,Leona,Lymann,Leona.Lymann@yopmail.com
1061,Gilligan,Hutchison,Gilligan.Hutchison@yopmail.com
1062,Luci,Franza,Luci.Franza@yopmail.com
1063,Desirae,Gaal,Desirae.Gaal@yopmail.com
1064,Ricky,Lacombe,Ricky.Lacombe@yopmail.com
1065,Drucie,Tufts,Drucie.Tufts@yopmail.com
1066,Antonietta,Helfand,Antonietta.Helfand@yopmail.com
1067,Tomasina,Aida,Tomasina.Aida@yopmail.com
1068,Elka,Arvo,Elka.Arvo@yopmail.com
1069,Chrystel,Ehrman,Chrystel.Ehrman@yopmail.com
1070,Christal,Merna,Christal.Merna@yopmail.com
1071,Dagmar,Saree,Dagmar.Saree@yopmail.com
1072,Gwenneth,Malanie,Gwenneth.Malanie@yopmail.com
1073,Hayley,Timon,Hayley.Timon@yopmail.com
1074,Elfreda,Yoko,Elfreda.Yoko@yopmail.com
1075,Janis,Frendel,Janis.Frendel@yopmail.com
1076,Maurene,Belanger,Maurene.Belanger@yopmail.com
1077,Flo,Darrell,Flo.Darrell@yopmail.com
1078,Pollyanna,Hanleigh,Pollyanna.Hanleigh@yopmail.com
1079,Nikki,Laurianne,Nikki.Laurianne@yopmail.com
1080,Stephanie,Himelman,Stephanie.Himelman@yopmail.com
1081,Corry,Slifka,Corry.Slifka@yopmail.com
1082,Lynnea,Neils,Lynnea.Neils@yopmail.com
1083,Harmonia,Juliet,Harmonia.Juliet@yopmail.com
1084,Tracey,Iphlgenia,Tracey.Iphlgenia@yopmail.com
1085,Pamella,Zola,Pamella.Zola@yopmail.com
1086,Mary,Kaete,Mary.Kaete@yopmail.com
1087,Lorie,Grimbly,Lorie.Grimbly@yopmail.com
1088,Dode,Faust,Dode.Faust@yopmail.com
1089,Merry,Serilda,Merry.Serilda@yopmail.com
1090,Gianina,Alexandr,Gianina.Alexandr@yopmail.com
1091,Heida,Berriman,Heida.Berriman@yopmail.com
1092,Annabela,Dichy,Annabela.Dichy@yopmail.com
1093,Letizia,Autrey,Letizia.Autrey@yopmail.com
1094,Fanny,Torray,Fanny.Torray@yopmail.com
1095,Lynnea,Bandeen,Lynnea.Bandeen@yopmail.com
1096,Magdalena,Chrystel,Magdalena.Chrystel@yopmail.com
1097,Goldie,Eliathas,Goldie.Eliathas@yopmail.com
1098,Jaclyn,Cyrie,Jaclyn.Cyrie@yopmail.com
1099,Lanae,Ehrman,Lanae.Ehrman@yopmail.com